algorithm,n_clusters,noise_pct,silhouette,davies_bouldin,calinski_harabasz,ari,nmi
HDBSCAN,306,0.74,0.8450555801391602,0.19496135332558015,132.0675572358193,0.02011030318579575,0.2300101042966255
DBSCAN,393,10.14,0.8499687910079956,0.21496524752815344,136.68769458754787,0.006828090052973546,0.22802660547162842
