reduction,silhouette,davies_bouldin,outliers,outliers_pct,n_clusters
PCA,0.6278770039131891,0.4605212639160264,216,2.16,3
UMAP,0.712851881980896,0.3759881865632519,696,6.96,261
t-SNE,0.35131096839904785,0.5410497563514542,11,0.44,2
