reduction,silhouette,davies_bouldin,outliers,outliers_pct,n_clusters
PCA,0.7016560842667804,0.39025326743639643,195,1.95,2
UMAP,0.8450555801391602,0.19496135332558015,74,0.74,306
t-SNE,0.5856994986534119,0.5846327708819808,203,8.12,98
